사고번호,사고일시,요일,시군구,사고내용,사망자수,중상자수,경상자수,부상신고자수,사고유형,법규위반,노면상태,기상상태,도로형태,가해운전자 차종,가해운전자 성별,가해운전자 연령,가해운전자 상해정도,피해운전자 차종,피해운전자 성별,피해운전자 연령,피해운전자 상해정도
2023052500100588,2023년 5월 25일 21시,목요일,세종특별자치시 도담동,경상사고,0,0,1,0,차대차 - 측면충돌,교차로운행방법위반,건조,맑음,단일로 - 기타,승용,여,49세,상해없음,자전거,남,49세,경상
2023052600100205,2023년 5월 26일 10시,금요일,세종특별자치시 조치원읍,경상사고,0,0,1,0,차대차 - 후진중충돌,안전운전불이행,건조,맑음,주차장 - 주차장,승용,남,61세,상해없음,승용,남,24세,경상
2023052600100282,2023년 5월 26일 12시,금요일,세종특별자치시 금남면,부상신고사고,0,0,0,1,차대차 - 측면충돌,안전운전불이행,건조,맑음,교차로 - 교차로부근,농기계,남,71세,상해없음,화물,남,32세,부상신고
2023052600100322,2023년 5월 26일 13시,금요일,세종특별자치시 전의면,경상사고,0,0,1,0,차대차 - 추돌,안전운전불이행,건조,흐림,교차로 - 교차로안,화물,남,57세,상해없음,승용,남,25세,경상
2023052600100572,2023년 5월 26일 18시,금요일,세종특별자치시 금남면,부상신고사고,0,0,0,6,차대차 - 추돌,안전거리미확보,건조,맑음,단일로 - 기타,승용,여,30세,부상신고,승용,남,38세,부상신고
2023052700100051,2023년 5월 27일 05시,토요일,세종특별자치시 소정면,경상사고,0,0,2,0,차대차 - 추돌,안전운전불이행,건조,맑음,교차로 - 교차로부근,승용,남,26세,상해없음,승용,남,62세,경상
2023052700100091,2023년 5월 27일 08시,토요일,세종특별자치시 연서면,중상사고,0,1,0,0,차량단독 - 기타,기타,건조,맑음,교차로 - 교차로부근,승합,남,59세,상해없음,,,,
2023052700100312,2023년 5월 27일 14시,토요일,세종특별자치시 아름동,경상사고,0,0,1,0,차대사람 - 횡단중,신호위반,젖음/습기,비,교차로 - 교차로횡단보도내,이륜,남,26세,상해없음,보행자,남,16세,경상
2023052700100383,2023년 5월 27일 16시,토요일,세종특별자치시 새롬동,경상사고,0,0,1,0,차대차 - 추돌,안전거리미확보,건조,맑음,단일로 - 기타,승용,남,23세,상해없음,승용,여,35세,경상
2023052700100447,2023년 5월 27일 18시,토요일,세종특별자치시 조치원읍,경상사고,0,0,1,0,차대차 - 추돌,안전운전불이행,건조,맑음,교차로 - 교차로부근,승용,남,39세,상해없음,승용,여,61세,경상
2023052700100565,2023년 5월 27일 21시,토요일,세종특별자치시 고운동,경상사고,0,0,3,0,차대차 - 추돌,안전운전불이행,건조,맑음,단일로 - 기타,승용,여,25세,경상,승용,여,32세,경상
2023052800100314,2023년 5월 28일 17시,일요일,세종특별자치시 보람동,중상사고,0,1,0,0,차대차 - 측면충돌,교차로운행방법위반,젖음/습기,비,교차로 - 교차로안,승용,남,50세,상해없음,원동기,남,54세,중상
2023052800100396,2023년 5월 28일 20시,일요일,세종특별자치시 부강면,경상사고,0,0,8,1,차대차 - 정면충돌,중앙선침범,젖음/습기,비,단일로 - 기타,승용,남,45세,상해없음,승합,남,75세,경상
2023053000100497,2023년 5월 30일 18시,화요일,세종특별자치시 아름동,부상신고사고,0,0,0,1,차대차 - 측면충돌,안전운전불이행,건조,맑음,교차로 - 교차로횡단보도내,자전거,남,20세 이하,부상신고,승용,남,50세,상해없음
2023053000100498,2023년 5월 30일 18시,화요일,세종특별자치시 다정동,부상신고사고,0,0,0,1,차대차 - 측면충돌,안전운전불이행,건조,맑음,교차로 - 교차로횡단보도내,승용,여,55세,상해없음,자전거,남,18세,부상신고
2023053100100443,2023년 5월 31일 17시,수요일,세종특별자치시 조치원읍,중상사고,0,1,0,0,차대차 - 측면충돌,중앙선침범,건조,맑음,교차로 - 교차로부근,화물,남,62세,상해없음,건설기계,남,55세,중상
2023053100100541,2023년 5월 31일 20시,수요일,세종특별자치시 어진동,경상사고,0,0,1,0,차대차 - 기타,안전운전불이행,건조,기타,교차로 - 교차로부근,승용,남,62세,상해없음,자전거,남,32세,경상
2023060100100125,2023년 6월 1일 09시,목요일,세종특별자치시 세종동,중상사고,0,1,2,1,차대차 - 기타,안전거리미확보,건조,맑음,단일로 - 기타,승용,여,36세,부상신고,승용,여,38세,경상
2023060100100167,2023년 6월 1일 11시,목요일,세종특별자치시 조치원읍,경상사고,0,0,1,0,차대차 - 기타,안전운전불이행,건조,맑음,교차로 - 교차로부근,자전거,남,81세 이상,경상,승합,남,54세,상해없음
2023060100100168,2023년 6월 1일 11시,목요일,세종특별자치시 조치원읍,경상사고,0,0,1,0,차대사람 - 차도통행중,안전운전불이행,건조,맑음,교차로 - 교차로안,이륜,여,20세 이하,기타불명,보행자,여,19세,경상
2023060100100169,2023년 6월 1일 11시,목요일,세종특별자치시 나성동,중상사고,0,3,0,1,차대차 - 측면충돌,기타,건조,맑음,교차로 - 교차로안,승용,남,34세,중상,승용,남,42세,부상신고
2023060100100299,2023년 6월 1일 15시,목요일,세종특별자치시 소담동,경상사고,0,0,1,0,차대차 - 측면충돌,보행자보호의무위반,건조,맑음,단일로 - 기타,승용,여,35세,상해없음,자전거,남,12세 이하,경상
2023060100100435,2023년 6월 1일 19시,목요일,세종특별자치시 나성동,중상사고,0,1,0,0,차대차 - 측면충돌,교차로운행방법위반,건조,맑음,교차로 - 교차로안,승용,남,57세,상해없음,승용,남,75세,중상
2023060100100436,2023년 6월 1일 19시,목요일,세종특별자치시 해밀동,부상신고사고,0,0,0,1,차대차 - 추돌,안전운전불이행,건조,맑음,단일로 - 기타,이륜,남,44세,부상신고,승용,남,60세,상해없음
2023060200100275,2023년 6월 2일 13시,금요일,세종특별자치시 도담동,부상신고사고,0,0,0,2,차대차 - 측면충돌,안전운전불이행,건조,맑음,교차로 - 교차로부근,승용,여,37세,기타불명,승용,여,52세,부상신고
2023060200100416,2023년 6월 2일 16시,금요일,세종특별자치시 새롬동,경상사고,0,0,1,0,차대사람 - 보도통행중,기타,건조,맑음,기타 - 기타,개인형이동수단(PM),여,20세 이하,상해없음,보행자,여,40세,경상
2023060200100475,2023년 6월 2일 17시,금요일,세종특별자치시 다정동,경상사고,0,0,1,0,차대차 - 기타,신호위반,건조,맑음,교차로 - 교차로횡단보도내,승합,남,42세,상해없음,자전거,남,18세,경상
2023060300100535,2023년 6월 3일 21시,토요일,세종특별자치시 연기면,경상사고,0,0,1,0,차대차 - 측면충돌,안전운전불이행,건조,기타,단일로 - 기타,승용,여,35세,상해없음,승합,남,56세,상해없음
2023060400100184,2023년 6월 4일 12시,일요일,세종특별자치시 세종동,부상신고사고,0,0,0,1,차대차 - 기타,안전운전불이행,건조,맑음,단일로 - 기타,자전거,남,52세,상해없음,자전거,남,57세,부상신고
2023060400100386,2023년 6월 4일 18시,일요일,세종특별자치시 조치원읍,중상사고,0,1,0,0,차대차 - 기타,안전운전불이행,건조,맑음,단일로 - 기타,승용,여,36세,상해없음,이륜,남,46세,중상
2023060400100404,2023년 6월 4일 19시,일요일,세종특별자치시 조치원읍,부상신고사고,0,0,0,1,차대차 - 기타,안전거리미확보,건조,맑음,교차로 - 교차로부근,화물,남,59세,상해없음,이륜,남,54세,부상신고
2023060400100430,2023년 6월 4일 20시,일요일,세종특별자치시 고운동,경상사고,0,0,2,0,차대차 - 기타,신호위반,건조,맑음,교차로 - 교차로안,승용,남,48세,상해없음,이륜,남,32세,경상
2023060500100014,2023년 6월 5일 00시,월요일,세종특별자치시 조치원읍,경상사고,0,0,1,0,차대차 - 측면충돌,교차로운행방법위반,건조,맑음,교차로 - 교차로안,이륜,남,41세,상해없음,이륜,남,40세,경상
2023060500100164,2023년 6월 5일 10시,월요일,세종특별자치시 세종동,부상신고사고,0,0,0,2,차대차 - 정면충돌,안전운전불이행,기타,맑음,단일로 - 기타,자전거,남,20세 이하,부상신고,자전거,남,35세,부상신고
2023060500100498,2023년 6월 5일 18시,월요일,세종특별자치시 새롬동,부상신고사고,0,0,0,1,차대차 - 측면충돌,안전운전불이행,건조,맑음,교차로 - 교차로횡단보도내,자전거,남,20세 이하,부상신고,승용,남,50세,상해없음
2023060600100235,2023년 6월 6일 13시,화요일,세종특별자치시 고운동,부상신고사고,0,0,0,1,차대차 - 측면충돌,안전운전불이행,건조,맑음,단일로 - 기타,화물,남,65세,상해없음,승합,남,50세,부상신고
2023060600100256,2023년 6월 6일 14시,화요일,세종특별자치시 조치원읍,경상사고,0,0,1,0,차대차 - 측면충돌,직진우회전진행방해,건조,맑음,교차로 - 교차로안,이륜,남,81세 이상,경상,화물,남,34세,상해없음
2023060600100282,2023년 6월 6일 15시,화요일,세종특별자치시 연서면,경상사고,0,0,1,0,차량단독 - 공작물충돌,안전운전불이행,건조,맑음,단일로 - 기타,이륜,남,33세,경상,,,,
2023060700100039,2023년 6월 7일 06시,수요일,세종특별자치시 조치원읍,경상사고,0,0,2,0,차대차 - 측면충돌,안전거리미확보,건조,맑음,교차로 - 교차로부근,화물,남,69세,상해없음,승용,남,40세,경상
2023060700100152,2023년 6월 7일 09시,수요일,세종특별자치시 전의면,중상사고,0,1,1,0,차대차 - 측면충돌,중앙선침범,건조,맑음,교차로 - 교차로안,이륜,남,81세 이상,중상,화물,여,64세,경상
2023060700100194,2023년 6월 7일 10시,수요일,세종특별자치시 어진동,중상사고,0,1,0,1,차대차 - 측면충돌,신호위반,건조,흐림,교차로 - 교차로안,승용,여,40세,부상신고,승용,남,26세,중상
2023060700100223,2023년 6월 7일 11시,수요일,세종특별자치시 연서면,경상사고,0,0,1,0,차대차 - 측면충돌,중앙선침범,건조,맑음,단일로 - 교량,승용,남,70세,상해없음,승용,남,37세,경상
2023060800100080,2023년 6월 8일 07시,목요일,세종특별자치시 연동면,경상사고,0,0,1,0,차량단독 - 공작물충돌,안전운전불이행,건조,맑음,단일로 - 기타,승용,남,45세,경상,,,,
2023060800100116,2023년 6월 8일 08시,목요일,세종특별자치시 어진동,경상사고,0,0,1,0,차대차 - 추돌,안전운전불이행,건조,맑음,단일로 - 기타,개인형이동수단(PM),남,20세 이하,상해없음,자전거,여,30세,경상
2023060800100157,2023년 6월 8일 09시,목요일,세종특별자치시 조치원읍,경상사고,0,0,1,0,차대차 - 추돌,안전운전불이행,건조,맑음,단일로 - 교량,승합,남,55세,상해없음,화물,남,58세,경상
2023060800100191,2023년 6월 8일 10시,목요일,세종특별자치시 조치원읍,경상사고,0,0,1,0,차대차 - 측면충돌,안전운전불이행,건조,맑음,교차로 - 교차로안,승용,여,45세,상해없음,승용,여,68세,경상
2023060800100240,2023년 6월 8일 12시,목요일,세종특별자치시 나성동,경상사고,0,0,1,0,차대차 - 측면충돌,신호위반,건조,맑음,기타 - 기타,자전거,남,78세,경상,승용,남,47세,상해없음
2023060800100300,2023년 6월 8일 14시,목요일,세종특별자치시 나성동,중상사고,0,1,0,0,차대차 - 기타,신호위반,건조,맑음,교차로 - 교차로부근,승용,여,60세,상해없음,승용,남,37세,중상
2023060800100364,2023년 6월 8일 16시,목요일,세종특별자치시 한별동,경상사고,0,0,1,1,차대차 - 측면충돌,안전거리미확보,건조,맑음,교차로 - 교차로안,승용,남,68세,상해없음,승용,여,45세,경상
2023060800100535,2023년 6월 8일 21시,목요일,세종특별자치시 조치원읍,중상사고,0,1,0,0,차대차 - 측면충돌,직진우회전진행방해,건조,맑음,교차로 - 교차로안,승용,남,57세,상해없음,이륜,남,47세,중상
2023060800100577,2023년 6월 8일 23시,목요일,세종특별자치시 도담동,경상사고,0,0,1,0,차대차 - 측면충돌,신호위반,건조,기타,교차로 - 교차로부근,승용,여,48세,상해없음,자전거,남,15세,경상
2023060900100110,2023년 6월 9일 08시,금요일,세종특별자치시 아름동,경상사고,0,0,1,0,차대차 - 기타,안전거리미확보,건조,맑음,교차로 - 교차로안,승용,남,51세,상해없음,승용,남,43세,경상
2023060900100183,2023년 6월 9일 10시,금요일,세종특별자치시 연서면,경상사고,0,0,1,0,차량단독 - 전도전복 - 전도,안전운전불이행,건조,맑음,기타 - 기타,농기계,남,50세,경상,,,,
2023060900100261,2023년 6월 9일 12시,금요일,세종특별자치시 장군면,경상사고,0,0,2,0,차대차 - 추돌,안전운전불이행,건조,맑음,교차로 - 교차로부근,승용,여,31세,상해없음,승용,여,37세,경상
2023060900100418,2023년 6월 9일 16시,금요일,세종특별자치시 도담동,경상사고,0,0,1,0,차대차 - 측면충돌,안전운전불이행,건조,맑음,교차로 - 교차로안,승용,여,44세,상해없음,자전거,남,71세,경상
2023061000100113,2023년 6월 10일 09시,토요일,세종특별자치시 집현동,중상사고,0,1,1,0,차대차 - 기타,안전운전불이행,건조,맑음,단일로 - 기타,자전거,여,54세,경상,자전거,남,79세,중상
2023061000100218,2023년 6월 10일 12시,토요일,세종특별자치시 아름동,경상사고,0,0,3,0,차대차 - 측면충돌,교차로운행방법위반,건조,맑음,교차로 - 교차로안,승용,여,30세,상해없음,승용,여,35세,경상
2023061000100295,2023년 6월 10일 14시,토요일,세종특별자치시 부강면,중상사고,0,1,0,0,차대차 - 추돌,안전거리미확보,건조,맑음,교차로 - 교차로부근,화물,남,60세,중상,화물,남,25세,상해없음
2023061100100137,2023년 6월 11일 11시,일요일,세종특별자치시 고운동,부상신고사고,0,0,0,3,차대차 - 측면충돌,교차로운행방법위반,건조,맑음,교차로 - 교차로안,승용,남,63세,상해없음,승합,남,62세,부상신고
2023061100100224,2023년 6월 11일 14시,일요일,세종특별자치시 새롬동,부상신고사고,0,0,0,1,차대차 - 측면충돌,안전운전불이행,건조,맑음,교차로 - 교차로부근,승용,남,49세,상해없음,이륜,남,37세,부상신고
2023061100100288,2023년 6월 11일 16시,일요일,세종특별자치시 연서면,중상사고,0,1,1,1,차대차 - 추돌,안전운전불이행,건조,맑음,단일로 - 기타,승용,남,42세,상해없음,승용,여,31세,중상
2023061200100073,2023년 6월 12일 07시,월요일,세종특별자치시 고운동,경상사고,0,0,1,0,차대차 - 측면충돌,안전운전불이행,건조,맑음,단일로 - 기타,화물,남,53세,상해없음,승용,여,47세,경상
2023061200100328,2023년 6월 12일 14시,월요일,세종특별자치시 조치원읍,경상사고,0,0,2,0,차대차 - 추돌,안전운전불이행,건조,맑음,단일로 - 기타,승용,남,70세,상해없음,승용,여,48세,경상
2023061200100449,2023년 6월 12일 17시,월요일,세종특별자치시 반곡동,경상사고,0,0,1,0,차대차 - 측면충돌,신호위반,건조,맑음,교차로 - 교차로부근,승용,남,47세,상해없음,개인형이동수단(PM),여,66세,경상
2023061200100499,2023년 6월 12일 18시,월요일,세종특별자치시 전의면,경상사고,0,0,1,0,차대차 - 측면충돌,안전운전불이행,건조,맑음,주차장 - 주차장,화물,남,36세,상해없음,승용,남,40세,경상
2023061300100068,2023년 6월 13일 07시,화요일,세종특별자치시 소담동,중상사고,0,1,0,0,차대사람 - 횡단중,안전운전불이행,건조,맑음,교차로 - 교차로안,승용,여,30세,상해없음,보행자,남,15세,중상
2023061300100221,2023년 6월 13일 11시,화요일,세종특별자치시 다정동,부상신고사고,0,0,0,1,차대차 - 측면충돌,안전거리미확보,건조,맑음,단일로 - 기타,승용,여,52세,상해없음,승합,남,55세,상해없음
2023061300100512,2023년 6월 13일 18시,화요일,세종특별자치시 아름동,경상사고,0,0,1,0,차대사람 - 횡단중,신호위반,건조,맑음,교차로 - 교차로부근,이륜,남,54세,상해없음,보행자,여,17세,경상
2023061300100513,2023년 6월 13일 18시,화요일,세종특별자치시 나성동,경상사고,0,0,1,0,차대차 - 측면충돌,안전운전불이행,건조,맑음,교차로 - 교차로안,승용,남,25세,상해없음,자전거,남,32세,경상
2023061300100566,2023년 6월 13일 20시,화요일,세종특별자치시 아름동,중상사고,0,1,0,0,차대사람 - 횡단중,안전운전불이행,건조,맑음,교차로 - 교차로안,승용,여,49세,상해없음,보행자,여,81세 이상,중상
2023061300100592,2023년 6월 13일 21시,화요일,세종특별자치시 조치원읍,경상사고,0,0,1,0,차대차 - 기타,직진우회전진행방해,건조,맑음,교차로 - 교차로안,이륜,남,44세,경상,승용,남,44세,상해없음
2023061400100077,2023년 6월 14일 07시,수요일,세종특별자치시 소담동,경상사고,0,0,1,1,차대차 - 정면충돌,신호위반,건조,맑음,교차로 - 교차로안,승용,남,53세,부상신고,승용,남,40세,경상
2023061400100078,2023년 6월 14일 07시,수요일,세종특별자치시 반곡동,경상사고,0,0,2,0,차대차 - 측면충돌,중앙선침범,건조,맑음,교차로 - 교차로부근,승용,남,42세,상해없음,승용,남,44세,경상
2023061400100157,2023년 6월 14일 09시,수요일,세종특별자치시 나성동,부상신고사고,0,0,0,1,차대차 - 측면충돌,직진우회전진행방해,건조,맑음,교차로 - 교차로횡단보도내,승용,남,67세,상해없음,자전거,남,73세,부상신고
2023061400100232,2023년 6월 14일 11시,수요일,세종특별자치시 대평동,경상사고,0,0,1,0,차대차 - 측면충돌,안전거리미확보,건조,맑음,교차로 - 교차로안,승용,여,45세,상해없음,승용,여,46세,경상
2023061400100398,2023년 6월 14일 16시,수요일,세종특별자치시 조치원읍,경상사고,0,0,1,0,차대차 - 측면충돌,안전거리미확보,건조,맑음,단일로 - 기타,승용,남,53세,상해없음,승용,여,64세,경상
2023061400100399,2023년 6월 14일 16시,수요일,세종특별자치시 어진동,경상사고,0,0,1,0,차대차 - 측면충돌,신호위반,건조,맑음,교차로 - 교차로횡단보도내,승용,여,41세,상해없음,자전거,남,14세,경상
2023061400100500,2023년 6월 14일 18시,수요일,세종특별자치시 어진동,경상사고,0,0,1,0,차대차 - 측면충돌,신호위반,건조,맑음,교차로 - 교차로부근,이륜,남,65세,경상,승용,남,29세,상해없음
2023061400100501,2023년 6월 14일 18시,수요일,세종특별자치시 어진동,중상사고,0,1,1,0,차대차 - 측면충돌,불법유턴,건조,맑음,교차로 - 교차로횡단보도내,자전거,남,71세,중상,승용,남,45세,경상
2023061500100388,2023년 6월 15일 15시,목요일,세종특별자치시 금남면,중상사고,0,1,0,0,차대차 - 측면충돌,안전운전불이행,건조,맑음,교차로 - 교차로부근,승용,남,75세,상해없음,자전거,남,76세,중상
2023061500100635,2023년 6월 15일 23시,목요일,세종특별자치시 조치원읍,경상사고,0,0,1,0,차대사람 - 횡단중,보행자보호의무위반,건조,맑음,교차로 - 교차로횡단보도내,승용,남,44세,상해없음,보행자,남,39세,경상
2023061600100217,2023년 6월 16일 11시,금요일,세종특별자치시 다정동,경상사고,0,0,4,0,차대차 - 기타,직진우회전진행방해,건조,맑음,교차로 - 교차로안,승용,남,58세,상해없음,승용,남,25세,경상
2023061600100389,2023년 6월 16일 15시,금요일,세종특별자치시 조치원읍,경상사고,0,0,1,0,차량단독 - 기타,안전운전불이행,건조,맑음,단일로 - 기타,개인형이동수단(PM),여,23세,경상,,,,
2023061600100563,2023년 6월 16일 18시,금요일,세종특별자치시 전의면,중상사고,0,1,0,0,차대차 - 측면충돌,직진우회전진행방해,건조,맑음,교차로 - 교차로안,이륜,남,65세,중상,승용,남,51세,상해없음
2023061600100657,2023년 6월 16일 21시,금요일,세종특별자치시 종촌동,경상사고,0,0,1,0,차대차 - 기타,안전거리미확보,건조,맑음,단일로 - 기타,승용,남,48세,상해없음,이륜,남,22세,경상
2023061700100016,2023년 6월 17일 00시,토요일,세종특별자치시 새롬동,경상사고,0,0,1,0,차대사람 - 횡단중,보행자보호의무위반,건조,맑음,교차로 - 교차로안,화물,남,51세,상해없음,보행자,남,59세,경상
2023061700100233,2023년 6월 17일 11시,토요일,세종특별자치시 소정면,경상사고,0,0,2,0,차대차 - 기타,안전운전불이행,건조,맑음,단일로 - 기타,화물,남,46세,상해없음,승용,여,55세,경상
2023061700100523,2023년 6월 17일 18시,토요일,세종특별자치시 조치원읍,중상사고,0,2,0,0,차대차 - 측면충돌,교차로운행방법위반,건조,맑음,교차로 - 교차로안,승용,남,62세,상해없음,승용,남,30세,중상
2023061700100592,2023년 6월 17일 21시,토요일,세종특별자치시 도담동,부상신고사고,0,0,0,1,차대차 - 측면충돌,안전운전불이행,건조,맑음,교차로 - 교차로횡단보도내,승용,남,34세,상해없음,자전거,남,49세,부상신고
2023061800100265,2023년 6월 18일 15시,일요일,세종특별자치시 조치원읍,경상사고,0,0,1,0,차대사람 - 횡단중,안전운전불이행,건조,맑음,교차로 - 교차로안,승용,남,64세,상해없음,보행자,남,21세,경상
2023061800100354,2023년 6월 18일 18시,일요일,세종특별자치시 조치원읍,경상사고,0,0,1,0,차대차 - 측면충돌,중앙선침범,건조,맑음,단일로 - 기타,승용,남,27세,상해없음,이륜,남,28세,경상
2023061800100355,2023년 6월 18일 18시,일요일,세종특별자치시 조치원읍,중상사고,0,1,0,0,차대사람 - 횡단중,안전운전불이행,건조,맑음,교차로 - 교차로부근,승용,여,49세,상해없음,보행자,남,49세,중상
2023061900100082,2023년 6월 19일 07시,월요일,세종특별자치시 산울동,중상사고,0,1,0,0,차대사람 - 기타,기타,건조,맑음,단일로 - 기타,승용,남,63세,상해없음,보행자,남,40세,중상
2023061900100251,2023년 6월 19일 11시,월요일,세종특별자치시 나성동,경상사고,0,0,1,0,차대차 - 기타,교차로운행방법위반,건조,맑음,교차로 - 교차로안,화물,남,67세,상해없음,승용,여,28세,경상
2023061900100334,2023년 6월 19일 13시,월요일,세종특별자치시 다정동,경상사고,0,0,1,0,차대차 - 기타,안전거리미확보,건조,맑음,단일로 - 기타,승용,여,64세,상해없음,승용,남,28세,경상
2023061900100369,2023년 6월 19일 14시,월요일,세종특별자치시 전동면,중상사고,0,1,0,0,차대차 - 추돌,안전운전불이행,건조,맑음,단일로 - 기타,이륜,남,20세 이하,중상,승용,남,53세,상해없음
2023061900100427,2023년 6월 19일 15시,월요일,세종특별자치시 조치원읍,경상사고,0,0,1,0,차대사람 - 기타,안전운전불이행,건조,맑음,교차로 - 교차로안,화물,남,53세,상해없음,보행자,남,75세,경상
2023061900100519,2023년 6월 19일 17시,월요일,세종특별자치시 다정동,경상사고,0,0,1,0,차대차 - 기타,안전운전불이행,건조,맑음,교차로 - 교차로횡단보도내,승용,여,36세,상해없음,자전거,여,13세,경상
2023061900100647,2023년 6월 19일 21시,월요일,세종특별자치시 대평동,부상신고사고,0,0,0,2,차대차 - 기타,안전거리미확보,건조,맑음,교차로 - 교차로안,승용,여,30세,상해없음,승용,여,52세,부상신고
2023062000100143,2023년 6월 20일 09시,화요일,세종특별자치시 한별동,경상사고,0,0,1,0,차대차 - 측면충돌,안전거리미확보,건조,맑음,교차로 - 교차로부근,승용,남,67세,상해없음,승용,여,36세,경상
2023062000100206,2023년 6월 20일 11시,화요일,세종특별자치시 조치원읍,중상사고,0,1,0,0,차대사람 - 기타,안전운전불이행,건조,맑음,단일로 - 기타,승용,여,20세 이하,상해없음,보행자,여,70세,중상
2023062000100387,2023년 6월 20일 16시,화요일,세종특별자치시 나성동,부상신고사고,0,0,0,1,차대차 - 추돌,안전운전불이행,건조,맑음,교차로 - 교차로부근,화물,남,59세,상해없음,화물,남,63세,부상신고
2023062100100531,2023년 6월 21일 22시,수요일,세종특별자치시 조치원읍,경상사고,0,0,1,0,차대차 - 추돌,안전운전불이행,건조,기타,교차로 - 교차로부근,승용,남,32세,기타불명,승용,남,63세,경상
2023062200100433,2023년 6월 22일 17시,목요일,세종특별자치시 다정동,경상사고,0,0,1,0,차대차 - 측면충돌,안전운전불이행,건조,맑음,교차로 - 교차로횡단보도내,승용,여,59세,상해없음,개인형이동수단(PM),여,13세,경상
2023062200100494,2023년 6월 22일 18시,목요일,세종특별자치시 금남면,중상사고,0,1,0,0,차대사람 - 기타,안전운전불이행,건조,맑음,단일로 - 기타,승용,남,38세,상해없음,보행자,여,79세,중상
2023062200100541,2023년 6월 22일 20시,목요일,세종특별자치시 소담동,경상사고,0,0,1,0,차대차 - 기타,신호위반,건조,맑음,교차로 - 교차로안,기타불명,기타불명,미분류,기타불명,승용,여,42세,경상
2023062200100564,2023년 6월 22일 21시,목요일,세종특별자치시 조치원읍,중상사고,0,1,0,0,차대차 - 정면충돌,신호위반,건조,맑음,교차로 - 교차로안,이륜,남,20세 이하,기타불명,승용,여,53세,중상
2023062200100585,2023년 6월 22일 22시,목요일,세종특별자치시 어진동,경상사고,0,0,1,0,차대차 - 추돌,안전운전불이행,건조,맑음,단일로 - 기타,승용,남,34세,상해없음,화물,남,47세,경상
2023062300100008,2023년 6월 23일 00시,금요일,세종특별자치시 대평동,부상신고사고,0,0,0,1,차대사람 - 기타,신호위반,건조,맑음,단일로 - 기타,기타불명,기타불명,미분류,기타불명,보행자,남,24세,부상신고
2023062300100119,2023년 6월 23일 08시,금요일,세종특별자치시 아름동,중상사고,0,2,0,1,차대차 - 측면충돌,불법유턴,건조,맑음,단일로 - 기타,승용,여,39세,상해없음,승용,남,35세,중상
2023062300100191,2023년 6월 23일 10시,금요일,세종특별자치시 금남면,경상사고,0,0,1,0,차대차 - 측면충돌,직진우회전진행방해,건조,맑음,교차로 - 교차로안,승용,남,49세,상해없음,특수,남,41세,경상
2023062400100157,2023년 6월 24일 10시,토요일,세종특별자치시 다정동,경상사고,0,0,1,0,차대차 - 측면충돌,신호위반,건조,맑음,교차로 - 교차로안,승용,남,28세,상해없음,승용,여,31세,경상
2023062400100322,2023년 6월 24일 14시,토요일,세종특별자치시 도담동,부상신고사고,0,0,0,1,차대차 - 측면충돌,안전운전불이행,건조,맑음,단일로 - 기타,승용,남,43세,상해없음,자전거,여,13세,부상신고
2023062500100130,2023년 6월 25일 11시,일요일,세종특별자치시 조치원읍,경상사고,0,0,1,0,차대사람 - 보도통행중,보행자보호의무위반,건조,맑음,교차로 - 교차로안,이륜,남,31세,상해없음,보행자,여,12세 이하,경상
2023062500100179,2023년 6월 25일 13시,일요일,세종특별자치시 조치원읍,부상신고사고,0,0,0,1,차대차 - 추돌,안전운전불이행,건조,맑음,교차로 - 교차로안,승용,남,29세,상해없음,이륜,남,41세,부상신고
2023062500100262,2023년 6월 25일 16시,일요일,세종특별자치시 소담동,중상사고,0,1,0,0,차대차 - 측면충돌,신호위반,건조,흐림,단일로 - 기타,승합,남,58세,상해없음,자전거,여,23세,중상
2023062600100069,2023년 6월 26일 07시,월요일,세종특별자치시 장군면,중상사고,0,1,1,0,차대차 - 기타,중앙선침범,건조,맑음,교차로 - 교차로부근,승용,여,59세,경상,승용,남,61세,중상
2023062600100120,2023년 6월 26일 08시,월요일,세종특별자치시 어진동,경상사고,0,0,1,0,차대차 - 측면충돌,신호위반,젖음/습기,흐림,교차로 - 교차로안,승용,여,38세,상해없음,승용,여,36세,경상
2023062600100203,2023년 6월 26일 11시,월요일,세종특별자치시 조치원읍,경상사고,0,0,1,0,차대차 - 측면충돌,불법유턴,젖음/습기,비,교차로 - 교차로안,승용,여,44세,상해없음,승용,여,50세,경상
2023062600100416,2023년 6월 26일 17시,월요일,세종특별자치시 장군면,경상사고,0,0,1,1,차대차 - 추돌,안전운전불이행,젖음/습기,비,기타 - 기타,승용,남,44세,부상신고,승용,남,25세,경상